inlievery,nameevery,namparres,unchanged
6554.333333333333,5991.833333333333,1924.6666666666667,1869.5
3923.5,3846.6666666666665,3905.1666666666665,726.6666666666666
2108.1666666666665,22332.0,15723.5,5965.0
1328.375,4006.0,15237.5,6982.0
6616.666666666667,24498.0,1728.3333333333333,5132.6
3995.0,4228.333333333333,4516.5,5183.8
