logsimpl,nonsimpl,patsimpl
6554.333333333333,3846.6666666666665,5991.833333333333
22332.0,3923.5,1869.5
1924.6666666666667,5965.0,3905.1666666666665
4006.0,15237.5,726.6666666666666
15723.5,1728.3333333333333,2108.1666666666665
6982.0,6616.666666666667,1328.375
3995.0,24498.0,4516.5
5183.8,5132.6,4228.333333333333
