barefof,guardedfof,tff
5991.833333333333,6554.333333333333,
3846.6666666666665,22332.0,
1924.6666666666667,1869.5,
3905.1666666666665,2108.1666666666665,
4006.0,5965.0,
726.6666666666666,15723.5,
3923.5,15237.5,
1328.375,6616.666666666667,
1728.3333333333333,6982.0,
3995.0,4516.5,
5132.6,24498.0,
5183.8,4228.333333333333,
