logsimpl,nonsimpl,patsimpl
2330.0,8355.285714285714,447.0
2412.8888888888887,3722.4,1011.7777777777778
10279.6,6749.75,4247.75
3290.6,10265.875,3197.0
6221.5,2384.3333333333335,3489.6
10150.0,2620.3333333333335,1492.8333333333333
2440.6666666666665,5728.5,2875.6
9010.57142857143,10311.555555555555,1815.2222222222222
5467.125,6325.625,2285.8
7292.0,8085.5,6132.666666666667
6963.111111111111,5934.5,3846.5555555555557
7286.0,3357.4,6815.444444444444
