inlievery,nameevery,namparres,unchanged
6119.714285714285,3563.75,3556.75,11390.285714285714
854.6,1781.0,1834.2857142857142,9648.5
6088.714285714285,2658.0,2329.3333333333335,663.5
2481.75,1713.3333333333333,2306.25,2070.0
3685.8888888888887,2190.0,3181.2,2244.5
6127.142857142857,6418.714285714285,6123.25,11371.142857142857
1118.2,1327.3333333333333,1992.142857142857,9624.0
1466.25,1682.25,4702.285714285715,2562.25
1642.5,5335.9,4264.0,7692.444444444444
