inlievery,nameevery,namparres,unchanged
447.0,2330.0,8355.285714285714,4247.75
2412.8888888888887,10265.875,3290.6,2440.6666666666665
3722.4,2384.3333333333335,1492.8333333333333,2620.3333333333335
6749.75,10150.0,9010.57142857143,5728.5
10279.6,3489.6,5934.5,10311.555555555555
6221.5,7292.0,2285.8,2875.6
1011.7777777777778,8085.5,6132.666666666667,5467.125
3197.0,3846.5555555555557,3357.4,6963.111111111111
6325.625,6815.444444444444,7286.0,1815.2222222222222
