barefof,guardedfof,tff
6119.714285714285,3563.75,854.6
11390.285714285714,3556.75,1834.2857142857142
6088.714285714285,6127.142857142857,9648.5
1781.0,2658.0,3685.8888888888887
2481.75,2329.3333333333335,1118.2
2306.25,2190.0,1713.3333333333333
6123.25,2070.0,663.5
4702.285714285715,2244.5,3181.2
11371.142857142857,1466.25,1992.142857142857
1682.25,2562.25,6418.714285714285
5335.9,1642.5,1327.3333333333333
7692.444444444444,4264.0,9624.0
