barefof,guardedfof,tff
8355.285714285714,2330.0,2412.8888888888887
10265.875,447.0,3722.4
6221.5,6749.75,1011.7777777777778
10150.0,10279.6,10311.555555555555
4247.75,3290.6,7292.0
5728.5,2384.3333333333335,6963.111111111111
3197.0,2440.6666666666665,1815.2222222222222
1492.8333333333333,2620.3333333333335,8085.5
9010.57142857143,3489.6,5934.5
5467.125,2875.6,6132.666666666667
6325.625,2285.8,6815.444444444444
3846.5555555555557,3357.4,7286.0
