logsimpl,nonsimpl,patsimpl
6119.714285714285,854.6,3563.75
11390.285714285714,6088.714285714285,3556.75
1781.0,2658.0,1834.2857142857142
9648.5,2329.3333333333335,2481.75
1118.2,1992.142857142857,3685.8888888888887
1713.3333333333333,4702.285714285715,6127.142857142857
3181.2,2244.5,663.5
6123.25,11371.142857142857,2306.25
2190.0,1327.3333333333333,6418.714285714285
1466.25,1682.25,2070.0
2562.25,9624.0,5335.9
4264.0,1642.5,7692.444444444444
